{
    "teleport": {
        "sounds": [
            "suit/teleport"
        ],
        "category": "player"
    },
    "run_start": {
        "sounds": [
            "suit/run_start"
        ],
        "category": "player"
    },
    "run_loop": {
        "sounds": [
            "suit/run_loop"
        ],
        "category": "player"
    },
    "run_stop": {
        "sounds": [
            "suit/run_stop"
        ],
        "category": "player"
    },
    "blaster_charge": {
        "sounds": [
            "suit/blaster_charge"
        ],
        "category": "player"
    },
    "blaster_fire": {
        "sounds": [
            "suit/blaster_fire"
        ],
        "category": "player"
    },
    "sans_teleport": {
        "sounds": [
            "suit/sans_teleport"
        ],
        "category": "player"
    }
}