{
    "mxy_teleport": {
        "sounds": [
            "suit/mxy_teleport"
        ],
        "category": "player"
    },
    "run_start": {
        "sounds": [
            "suit/run_start"
        ],
        "category": "player"
    },
    "run_loop": {
        "sounds": [
            "suit/run_loop"
        ],
        "category": "player"
    },
    "run_stop": {
        "sounds": [
            "suit/run_stop"
        ],
        "category": "player"
    },
    "blaster_charge": {
        "sounds": [
            "suit/blaster_charge"
        ],
        "category": "player"
    },
    "blaster_fire": {
        "sounds": [
            "suit/blaster_fire"
        ],
        "category": "player"
    },
    "sans_teleport": {
        "sounds": [
            "suit/sans_teleport"
        ],
        "category": "player"
    },
    "sleigh_bell": {
        "sounds": [
            "suit/sleigh_bell"
        ],
        "category": "player"
    },
    "firework_effect_1": {
        "sounds": [
            "suit/firework_effect_1"
        ],
        "category": "player"
    },
    "firework_effect_2": {
        "sounds": [
            "suit/firework_effect_2"
        ],
        "category": "player"
    },
    "firework_effect_3": {
        "sounds": [
            "suit/firework_effect_3"
        ],
        "category": "player"
    },
    "firework_effect_4": {
        "sounds": [
            "suit/firework_effect_4"
        ],
        "category": "player"
    }
}